User-ID,Location,Age
1,"seattle, wa, usa",55
2,"dublin, dublin, ireland",61
3,"paris, ile-de-france, france",
4,"mumbai, maharashtra, india",
5,"paris, ile-de-france, france",55
6,"dublin, dublin, ireland",
7,"paris, ile-de-france, france",24
8,"berlin, berlin, germany",15
9,"los angeles, ca, usa",
10,"paris, ile-de-france, france",41
11,"mumbai, maharashtra, india",56
12,"seattle, wa, usa",
13,"sydney, nsw, australia",45
14,"seattle, wa, usa",50
15,"sydney, nsw, australia",
16,"sydney, nsw, australia",26
17,"toronto, ontario, canada",65
18,"new york, ny, usa",24
19,"new york, ny, usa",30
20,"dublin, dublin, ireland",49
21,"seattle, wa, usa",17
22,"paris, ile-de-france, france",18
23,"london, england, united kingdom",
24,"seattle, wa, usa",34
25,"austin, tx, usa",62
26,"paris, ile-de-france, france",36
27,"paris, ile-de-france, france",47
28,"los angeles, ca, usa",20
29,"london, england, united kingdom",68
30,"new york, ny, usa",41
31,"toronto, ontario, canada",
32,"chicago, il, usa",37
33,"new york, ny, usa",20
34,"dublin, dublin, ireland",24
35,"mumbai, maharashtra, india",
36,"berlin, berlin, germany",28
37,"mumbai, maharashtra, india",31
38,"paris, ile-de-france, france",15
39,"sydney, nsw, australia",41
40,"mumbai, maharashtra, india",14
41,"austin, tx, usa",53
42,"sydney, nsw, australia",49
43,"toronto, ontario, canada",14
44,"berlin, berlin, germany",
45,"austin, tx, usa",35
46,"chicago, il, usa",
47,"austin, tx, usa",50
48,"new york, ny, usa",62
49,"dublin, dublin, ireland",29
50,"austin, tx, usa",42
51,"paris, ile-de-france, france",42
52,"paris, ile-de-france, france",54
53,"paris, ile-de-france, france",19
54,"sydney, nsw, australia",17
55,"seattle, wa, usa",36
56,"toronto, ontario, canada",38
57,"chicago, il, usa",
58,"chicago, il, usa",69
59,"mumbai, maharashtra, india",30
60,"new york, ny, usa",
61,"seattle, wa, usa",23
62,"sydney, nsw, australia",
63,"toronto, ontario, canada",18
64,"toronto, ontario, canada",
65,"austin, tx, usa",55
66,"austin, tx, usa",25
67,"paris, ile-de-france, france",44
68,"los angeles, ca, usa",50
69,"sydney, nsw, australia",45
70,"paris, ile-de-france, france",26
71,"berlin, berlin, germany",42
72,"sydney, nsw, australia",47
73,"toronto, ontario, canada",
74,"berlin, berlin, germany",
75,"chicago, il, usa",
76,"chicago, il, usa",14
77,"berlin, berlin, germany",
78,"seattle, wa, usa",57
79,"los angeles, ca, usa",49
80,"berlin, berlin, germany",
81,"london, england, united kingdom",
82,"berlin, berlin, germany",52
83,"toronto, ontario, canada",51
84,"austin, tx, usa",31
85,"berlin, berlin, germany",31
86,"mumbai, maharashtra, india",28
87,"austin, tx, usa",62
88,"chicago, il, usa",54
89,"los angeles, ca, usa",40
90,"sydney, nsw, australia",
91,"london, england, united kingdom",
92,"toronto, ontario, canada",54
93,"toronto, ontario, canada",
94,"austin, tx, usa",23
95,"berlin, berlin, germany",26
96,"toronto, ontario, canada",64
97,"seattle, wa, usa",23
98,"paris, ile-de-france, france",29
99,"mumbai, maharashtra, india",44
100,"new york, ny, usa",69
101,"berlin, berlin, germany",
102,"toronto, ontario, canada",58
103,"austin, tx, usa",16
104,"toronto, ontario, canada",
105,"new york, ny, usa",17
106,"seattle, wa, usa",24
107,"seattle, wa, usa",
108,"austin, tx, usa",42
109,"toronto, ontario, canada",38
110,"dublin, dublin, ireland",14
111,"dublin, dublin, ireland",32
112,"seattle, wa, usa",
113,"austin, tx, usa",
114,"sydney, nsw, australia",25
115,"toronto, ontario, canada",
116,"chicago, il, usa",57
117,"new york, ny, usa",48
118,"sydney, nsw, australia",53
119,"london, england, united kingdom",66
120,"toronto, ontario, canada",29
121,"dublin, dublin, ireland",61
122,"seattle, wa, usa",37
123,"los angeles, ca, usa",37
124,"berlin, berlin, germany",
125,"seattle, wa, usa",27
126,"seattle, wa, usa",
127,"new york, ny, usa",36
128,"chicago, il, usa",61
129,"los angeles, ca, usa",60
130,"new york, ny, usa",41
131,"sydney, nsw, australia",54
132,"paris, ile-de-france, france",
133,"london, england, united kingdom",
134,"austin, tx, usa",
135,"dublin, dublin, ireland",17
136,"mumbai, maharashtra, india",
137,"sydney, nsw, australia",20
138,"sydney, nsw, australia",65
139,"austin, tx, usa",58
140,"chicago, il, usa",
141,"london, england, united kingdom",43
142,"chicago, il, usa",57
143,"berlin, berlin, germany",62
144,"seattle, wa, usa",39
145,"london, england, united kingdom",
146,"chicago, il, usa",48
147,"new york, ny, usa",18
148,"mumbai, maharashtra, india",65
149,"sydney, nsw, australia",20
150,"dublin, dublin, ireland",
151,"sydney, nsw, australia",
152,"seattle, wa, usa",18
153,"seattle, wa, usa",70
154,"berlin, berlin, germany",33
155,"new york, ny, usa",
156,"paris, ile-de-france, france",64
157,"paris, ile-de-france, france",
158,"berlin, berlin, germany",47
159,"sydney, nsw, australia",
160,"mumbai, maharashtra, india",
161,"chicago, il, usa",22
162,"austin, tx, usa",58
163,"mumbai, maharashtra, india",15
164,"chicago, il, usa",46
165,"seattle, wa, usa",67
166,"new york, ny, usa",37
167,"toronto, ontario, canada",57
168,"toronto, ontario, canada",63
169,"new york, ny, usa",20
170,"chicago, il, usa",31
171,"new york, ny, usa",
172,"los angeles, ca, usa",
173,"berlin, berlin, germany",42
174,"new york, ny, usa",60
175,"london, england, united kingdom",64
176,"berlin, berlin, germany",
177,"seattle, wa, usa",
178,"paris, ile-de-france, france",15
179,"sydney, nsw, australia",30
180,"dublin, dublin, ireland",
181,"berlin, berlin, germany",18
182,"london, england, united kingdom",39
183,"austin, tx, usa",36
184,"mumbai, maharashtra, india",38
185,"paris, ile-de-france, france",41
186,"sydney, nsw, australia",42
187,"sydney, nsw, australia",16
188,"mumbai, maharashtra, india",
189,"london, england, united kingdom",16
190,"sydney, nsw, australia",62
191,"london, england, united kingdom",47
192,"dublin, dublin, ireland",
193,"berlin, berlin, germany",42
194,"paris, ile-de-france, france",
195,"los angeles, ca, usa",22
196,"paris, ile-de-france, france",18
197,"seattle, wa, usa",42
198,"paris, ile-de-france, france",
199,"toronto, ontario, canada",24
200,"paris, ile-de-france, france",48
201,"seattle, wa, usa",35
202,"new york, ny, usa",19
203,"new york, ny, usa",32
204,"austin, tx, usa",58
205,"london, england, united kingdom",23
206,"paris, ile-de-france, france",43
207,"toronto, ontario, canada",53
208,"berlin, berlin, germany",
209,"london, england, united kingdom",45
210,"los angeles, ca, usa",30
211,"seattle, wa, usa",18
212,"toronto, ontario, canada",53
213,"sydney, nsw, australia",23
214,"dublin, dublin, ireland",23
215,"sydney, nsw, australia",53
216,"toronto, ontario, canada",37
217,"dublin, dublin, ireland",30
218,"seattle, wa, usa",54
219,"london, england, united kingdom",58
220,"london, england, united kingdom",
221,"paris, ile-de-france, france",38
222,"austin, tx, usa",69
223,"toronto, ontario, canada",49
224,"paris, ile-de-france, france",50
225,"mumbai, maharashtra, india",36
226,"austin, tx, usa",61
227,"dublin, dublin, ireland",51
228,"dublin, dublin, ireland",
229,"berlin, berlin, germany",
230,"london, england, united kingdom",
231,"mumbai, maharashtra, india",
232,"los angeles, ca, usa",
233,"los angeles, ca, usa",
234,"toronto, ontario, canada",26
235,"los angeles, ca, usa",39
236,"berlin, berlin, germany",
237,"dublin, dublin, ireland",21
238,"austin, tx, usa",
239,"seattle, wa, usa",37
240,"seattle, wa, usa",19
241,"los angeles, ca, usa",
242,"berlin, berlin, germany",45
243,"berlin, berlin, germany",50
244,"mumbai, maharashtra, india",
245,"paris, ile-de-france, france",
246,"berlin, berlin, germany",56
247,"sydney, nsw, australia",21
248,"toronto, ontario, canada",43
249,"chicago, il, usa",60
250,"los angeles, ca, usa",
251,"mumbai, maharashtra, india",
252,"toronto, ontario, canada",60
253,"austin, tx, usa",49
254,"mumbai, maharashtra, india",56
255,"mumbai, maharashtra, india",23
256,"chicago, il, usa",40
257,"london, england, united kingdom",37
258,"austin, tx, usa",65
259,"sydney, nsw, australia",61
260,"dublin, dublin, ireland",49
261,"sydney, nsw, australia",
262,"sydney, nsw, australia",27
263,"seattle, wa, usa",51
264,"london, england, united kingdom",35
265,"dublin, dublin, ireland",
266,"los angeles, ca, usa",66
267,"new york, ny, usa",54
268,"new york, ny, usa",48
269,"dublin, dublin, ireland",
270,"toronto, ontario, canada",64
271,"dublin, dublin, ireland",
272,"mumbai, maharashtra, india",
273,"austin, tx, usa",64
274,"dublin, dublin, ireland",50
275,"sydney, nsw, australia",23
276,"london, england, united kingdom",38
277,"dublin, dublin, ireland",61
278,"sydney, nsw, australia",
279,"berlin, berlin, germany",25
280,"toronto, ontario, canada",18
281,"sydney, nsw, australia",20
282,"mumbai, maharashtra, india",
283,"seattle, wa, usa",69
284,"dublin, dublin, ireland",
285,"berlin, berlin, germany",31
286,"dublin, dublin, ireland",
287,"sydney, nsw, australia",38
288,"austin, tx, usa",52
289,"sydney, nsw, australia",32
290,"mumbai, maharashtra, india",48
291,"berlin, berlin, germany",
292,"chicago, il, usa",30
293,"berlin, berlin, germany",58
294,"sydney, nsw, australia",58
295,"new york, ny, usa",55
296,"london, england, united kingdom",46
297,"austin, tx, usa",
298,"los angeles, ca, usa",36
299,"sydney, nsw, australia",
300,"los angeles, ca, usa",
301,"paris, ile-de-france, france",41
302,"mumbai, maharashtra, india",42
303,"london, england, united kingdom",18
304,"paris, ile-de-france, france",43
305,"seattle, wa, usa",43
306,"dublin, dublin, ireland",53
307,"chicago, il, usa",
308,"berlin, berlin, germany",25
309,"berlin, berlin, germany",53
310,"paris, ile-de-france, france",45
311,"new york, ny, usa",31
312,"seattle, wa, usa",21
313,"sydney, nsw, australia",60
314,"los angeles, ca, usa",
315,"los angeles, ca, usa",27
316,"seattle, wa, usa",54
317,"paris, ile-de-france, france",52
318,"paris, ile-de-france, france",
319,"chicago, il, usa",58
320,"seattle, wa, usa",
321,"toronto, ontario, canada",
322,"berlin, berlin, germany",18
323,"london, england, united kingdom",49
324,"berlin, berlin, germany",17
325,"chicago, il, usa",43
326,"toronto, ontario, canada",
327,"dublin, dublin, ireland",
328,"chicago, il, usa",47
329,"mumbai, maharashtra, india",
330,"chicago, il, usa",
331,"new york, ny, usa",
332,"berlin, berlin, germany",21
333,"sydney, nsw, australia",19
334,"dublin, dublin, ireland",33
335,"toronto, ontario, canada",
336,"seattle, wa, usa",14
337,"chicago, il, usa",
338,"mumbai, maharashtra, india",59
339,"paris, ile-de-france, france",53
340,"mumbai, maharashtra, india",
341,"dublin, dublin, ireland",19
342,"austin, tx, usa",
343,"sydney, nsw, australia",64
344,"toronto, ontario, canada",63
345,"toronto, ontario, canada",54
346,"seattle, wa, usa",
347,"new york, ny, usa",69
348,"chicago, il, usa",65
349,"dublin, dublin, ireland",37
350,"paris, ile-de-france, france",39
351,"new york, ny, usa",61
352,"seattle, wa, usa",45
353,"new york, ny, usa",
354,"mumbai, maharashtra, india",68
355,"new york, ny, usa",28
356,"sydney, nsw, australia",51
357,"new york, ny, usa",22
358,"dublin, dublin, ireland",
359,"berlin, berlin, germany",43
360,"los angeles, ca, usa",59
361,"sydney, nsw, australia",
362,"new york, ny, usa",
363,"chicago, il, usa",21
364,"austin, tx, usa",
365,"berlin, berlin, germany",
366,"new york, ny, usa",
367,"chicago, il, usa",
368,"seattle, wa, usa",40
369,"chicago, il, usa",47
370,"dublin, dublin, ireland",36
371,"new york, ny, usa",
372,"seattle, wa, usa",29
373,"london, england, united kingdom",
374,"dublin, dublin, ireland",36
375,"london, england, united kingdom",48
376,"seattle, wa, usa",28
377,"sydney, nsw, australia",
378,"sydney, nsw, australia",39
379,"dublin, dublin, ireland",34
380,"chicago, il, usa",
381,"seattle, wa, usa",28
382,"chicago, il, usa",
383,"toronto, ontario, canada",
384,"dublin, dublin, ireland",70
385,"seattle, wa, usa",
386,"los angeles, ca, usa",
387,"berlin, berlin, germany",55
388,"london, england, united kingdom",40
389,"new york, ny, usa",49
390,"toronto, ontario, canada",
391,"los angeles, ca, usa",64
392,"mumbai, maharashtra, india",
393,"toronto, ontario, canada",
394,"paris, ile-de-france, france",28
395,"austin, tx, usa",
396,"dublin, dublin, ireland",57
397,"berlin, berlin, germany",65
398,"mumbai, maharashtra, india",54
399,"mumbai, maharashtra, india",
400,"chicago, il, usa",
401,"sydney, nsw, australia",50
402,"mumbai, maharashtra, india",57
403,"new york, ny, usa",44
404,"dublin, dublin, ireland",22
405,"seattle, wa, usa",27
406,"paris, ile-de-france, france",
407,"london, england, united kingdom",67
408,"paris, ile-de-france, france",15
409,"berlin, berlin, germany",
410,"chicago, il, usa",68
411,"paris, ile-de-france, france",
412,"new york, ny, usa",30
413,"sydney, nsw, australia",47
414,"new york, ny, usa",55
415,"berlin, berlin, germany",35
416,"london, england, united kingdom",68
417,"austin, tx, usa",
418,"london, england, united kingdom",56
419,"austin, tx, usa",49
420,"sydney, nsw, australia",19
421,"sydney, nsw, australia",43
422,"seattle, wa, usa",
423,"mumbai, maharashtra, india",23
424,"dublin, dublin, ireland",19
425,"london, england, united kingdom",
426,"austin, tx, usa",14
427,"new york, ny, usa",
428,"toronto, ontario, canada",
429,"berlin, berlin, germany",
430,"berlin, berlin, germany",36
431,"chicago, il, usa",15
432,"toronto, ontario, canada",
433,"mumbai, maharashtra, india",
434,"austin, tx, usa",33
435,"los angeles, ca, usa",
436,"toronto, ontario, canada",
437,"london, england, united kingdom",
438,"austin, tx, usa",
439,"berlin, berlin, germany",
440,"sydney, nsw, australia",
441,"austin, tx, usa",
442,"chicago, il, usa",31
443,"chicago, il, usa",
444,"berlin, berlin, germany",57
445,"dublin, dublin, ireland",
446,"new york, ny, usa",50
447,"austin, tx, usa",
448,"london, england, united kingdom",38
449,"paris, ile-de-france, france",69
450,"new york, ny, usa",46
451,"seattle, wa, usa",42
452,"new york, ny, usa",52
453,"paris, ile-de-france, france",
454,"sydney, nsw, australia",53
455,"austin, tx, usa",14
456,"new york, ny, usa",66
457,"london, england, united kingdom",21
458,"new york, ny, usa",21
459,"new york, ny, usa",41
460,"chicago, il, usa",52
461,"mumbai, maharashtra, india",58
462,"chicago, il, usa",40
463,"paris, ile-de-france, france",26
464,"austin, tx, usa",
465,"seattle, wa, usa",61
466,"mumbai, maharashtra, india",
467,"chicago, il, usa",57
468,"new york, ny, usa",69
469,"paris, ile-de-france, france",29
470,"mumbai, maharashtra, india",64
471,"berlin, berlin, germany",37
472,"london, england, united kingdom",25
473,"toronto, ontario, canada",
474,"chicago, il, usa",54
475,"seattle, wa, usa",49
476,"paris, ile-de-france, france",24
477,"sydney, nsw, australia",47
478,"berlin, berlin, germany",53
479,"los angeles, ca, usa",48
480,"toronto, ontario, canada",20
481,"london, england, united kingdom",
482,"dublin, dublin, ireland",
483,"sydney, nsw, australia",64
484,"london, england, united kingdom",38
485,"paris, ile-de-france, france",61
486,"los angeles, ca, usa",33
487,"mumbai, maharashtra, india",39
488,"paris, ile-de-france, france",23
489,"paris, ile-de-france, france",52
490,"dublin, dublin, ireland",
491,"toronto, ontario, canada",
492,"los angeles, ca, usa",60
493,"sydney, nsw, australia",
494,"sydney, nsw, australia",50
495,"mumbai, maharashtra, india",29
496,"chicago, il, usa",35
497,"los angeles, ca, usa",
498,"los angeles, ca, usa",15
499,"london, england, united kingdom",
500,"seattle, wa, usa",
501,"austin, tx, usa",24
502,"chicago, il, usa",23
503,"berlin, berlin, germany",28
504,"new york, ny, usa",55
505,"seattle, wa, usa",
506,"paris, ile-de-france, france",36
507,"chicago, il, usa",42
508,"seattle, wa, usa",21
509,"berlin, berlin, germany",
510,"seattle, wa, usa",
511,"paris, ile-de-france, france",52
512,"berlin, berlin, germany",
513,"paris, ile-de-france, france",52
514,"chicago, il, usa",47
515,"chicago, il, usa",64
516,"chicago, il, usa",14
517,"dublin, dublin, ireland",65
518,"dublin, dublin, ireland",67
519,"los angeles, ca, usa",
520,"los angeles, ca, usa",38
521,"mumbai, maharashtra, india",41
522,"austin, tx, usa",49
523,"berlin, berlin, germany",
524,"berlin, berlin, germany",24
525,"new york, ny, usa",
526,"los angeles, ca, usa",53
527,"seattle, wa, usa",
528,"paris, ile-de-france, france",32
529,"sydney, nsw, australia",24
530,"mumbai, maharashtra, india",
531,"paris, ile-de-france, france",51
532,"seattle, wa, usa",
533,"paris, ile-de-france, france",64
534,"london, england, united kingdom",
535,"mumbai, maharashtra, india",28
536,"paris, ile-de-france, france",
537,"sydney, nsw, australia",27
538,"austin, tx, usa",45
539,"london, england, united kingdom",
540,"paris, ile-de-france, france",45
541,"paris, ile-de-france, france",22
542,"paris, ile-de-france, france",
543,"dublin, dublin, ireland",47
544,"sydney, nsw, australia",37
545,"seattle, wa, usa",25
546,"toronto, ontario, canada",
547,"paris, ile-de-france, france",
548,"chicago, il, usa",22
549,"seattle, wa, usa",39
550,"los angeles, ca, usa",37
551,"los angeles, ca, usa",50
552,"toronto, ontario, canada",45
553,"berlin, berlin, germany",24
554,"los angeles, ca, usa",24
555,"mumbai, maharashtra, india",61
556,"chicago, il, usa",
557,"los angeles, ca, usa",49
558,"chicago, il, usa",55
559,"chicago, il, usa",24
560,"paris, ile-de-france, france",25
561,"austin, tx, usa",50
562,"london, england, united kingdom",
563,"chicago, il, usa",14
564,"toronto, ontario, canada",14
565,"dublin, dublin, ireland",
566,"paris, ile-de-france, france",65
567,"los angeles, ca, usa",54
568,"berlin, berlin, germany",
569,"dublin, dublin, ireland",19
570,"berlin, berlin, germany",
571,"los angeles, ca, usa",26
572,"dublin, dublin, ireland",29
573,"los angeles, ca, usa",27
574,"new york, ny, usa",49
575,"austin, tx, usa",
576,"mumbai, maharashtra, india",51
577,"london, england, united kingdom",
578,"dublin, dublin, ireland",28
579,"berlin, berlin, germany",
580,"berlin, berlin, germany",59
581,"sydney, nsw, australia",52
582,"berlin, berlin, germany",43
583,"new york, ny, usa",
584,"berlin, berlin, germany",23
585,"los angeles, ca, usa",
586,"seattle, wa, usa",53
587,"seattle, wa, usa",
588,"new york, ny, usa",
589,"dublin, dublin, ireland",
590,"london, england, united kingdom",54
591,"austin, tx, usa",
592,"paris, ile-de-france, france",24
593,"paris, ile-de-france, france",37
594,"london, england, united kingdom",30
595,"toronto, ontario, canada",15
596,"new york, ny, usa",49
597,"sydney, nsw, australia",23
598,"los angeles, ca, usa",50
599,"dublin, dublin, ireland",
600,"sydney, nsw, australia",36
